year,name,trade_count
2000,Alligator mississippiensis,1469
2000,Caiman crocodilus,1185
2000,Python reticulatus,1105
2000,Crocodylus porosus,852
2000,Caiman crocodilus fuscus,818
2000,Ursus americanus,656
2000,Carnegiea gigantea,630
2000,Crocodylus niloticus,418
2000,Dendrobium spp.,416
2000,Varanus salvator,388
2000,Varanus niloticus,348
2000,Cactaceae spp.,342
2000,Aloe buhrii,326
2000,Aloe claviflora,316
2000,Scleractinia spp.,312
2000,Aloe microstigma,308
2000,Aloe juvenna,305
2000,Cleistocactus strausii,304
2000,Aloe striata,300
2000,Aloe aculeata,297
2000,Aloe dichotoma,293
2000,Loxodonta africana,260
2000,Orchidaceae hybrid,233
2000,Ptyas mucosus,201
2000,Echinocactus texensis,170
2000,Denmoza rhodacantha,141
2000,Tupinambis teguixin,138
2000,Python bivittatus,135
2000,Cattleya spp.,133
2000,Aloe variegata,132
2000,Cynarina lacrymalis,131
2000,Macaca fascicularis,124
2000,Acropora hyacinthus,123
2000,Caiman crocodilus crocodilus,122
2000,Phalaenopsis spp.,112
2000,Canis lupus,111
2000,Coleocephalocereus buxbaumianus,110
2000,Heliofungia actiniformis,110
2000,Orchidaceae spp.,110
2000,Austrocylindropuntia cylindrica,108
2000,Acipenser gueldenstaedtii,104
2000,Caulastraea tumida,104
2000,Astrophytum myriostigma,102
2000,Psittacus erithacus,100
2000,Panthera pardus,94
2000,Crocodylus siamensis,92
2000,Trachyphyllia geoffroyi,92
2000,Parodia spp.,91
2000,Crocodylus novaeguineae,90
2000,Salvator rufescens,84
2000,Ursus arctos,84
2000,Catalaphyllia jardinei,81
2000,Hippopotamus amphibius,81
2000,Panthera leo,80
2000,Swietenia macrophylla,77
2000,Chamaeleo calyptratus,73
2000,Cacatua galerita,71
2000,Macaca mulatta,71
2000,Astrophytum ornatum,70
2000,Cacatua sulphurea,70
2000,Python curtus,70
2000,Goniopora stokesi,69
2000,Acropora spp.,64
2000,Ara ararauna,63
2000,Equus zebra hartmannae,63
2000,Lobophyllia hemprichii,63
2000,Cetacea spp.,62
2000,Chamaeleo senegalensis,62
2000,Tridacnidae spp.,62
2000,Goniopora minor,60
2000,Iguana iguana,60
2000,Acipenser stellatus,58
2000,Mammillaria spp.,58
2000,Centrochelys sulcata,56
2000,Aratinga solstitialis,54
2000,Ceropegia woodii,54
2000,Eguchipsammia fistula,54
2000,Chlorocebus aethiops,52
2000,Galaxea fascicularis,52
2000,Agapornis roseicollis,50
2000,Goniopora lobata,50
2000,Tubipora musica,50
2000,Agapornis fischeri,49
2000,Cycas revoluta,49
2000,Turbinaria mesenterina,48
2000,Agapornis personatus,47
2000,Catalaphyllia spp.,47
2000,Falco hybrid,47
2000,Plerogyra sinuosa,47
2000,Browningia hertlingiana,46
2000,Euphyllia cristata,46
2000,Acipenser fulvescens,44
2000,Caulastraea echinulata,44
2000,Damaliscus lunatus,44
2000,Euphyllia ancora,44
2000,Oreocereus pseudofossulatus,44
2000,Turbinaria peltata,44
2000,Euphyllia glabrescens,43
2000,Oncidium spp.,41
2000,Porites cylindrica,41
2000,Plerogyra spp.,40
2000,Trachyphyllia spp.,40
2000,Tridacna maxima,40
2000,Ara chloropterus,39
2000,Lobophyllia spp.,39
2000,Weberbauerocereus winterianus,39
2000,Mustela sibirica,38
2000,Python regius,38
2000,Kobus leche,37
2000,Lonchura oryzivora,37
2000,Papio ursinus,36
2000,Turbinaria spp.,36
2000,Euphorbia spp.,35
2000,Hydnophora exesa,35
2000,Platycercus eximius,35
2000,Porites nigrescens,35
2000,Coleocephalocereus spp.,34
2000,Panax quinquefolius,34
2000,Puma concolor,34
2000,Salvator merianae,34
2000,Cactaceae hybrid,33
2000,Chamaeleo dilepis,33
2000,Coelogyne spp.,33
2000,Paphiopedilum spp.,33
2000,Acipenser persicus,32
2000,Cyclamen hederifolium,32
2000,Euphyllia spp.,32
2000,Fungia spp.,32
2000,Heliofungia spp.,32
2000,Huso huso,32
2000,Lobophyllia corymbosa,32
2000,Lynx canadensis,32
2000,Psittacula krameri,32
2000,Acropora formosa,31
2000,Plerogyra turbida,31
2000,Boa constrictor,30
2000,Dionaea muscipula,30
2000,Fungia fungites,30
2000,Goniopora spp.,30
2000,Cheloniidae spp.,29
2000,Cipocereus bradei,29
2000,Acropora humilis,28
2000,Aloe brevifolia,28
2000,Brassavola nodosa,28
2000,Cuora amboinensis,28
2000,Cymbidium goeringii,28
2000,Galaxea spp.,28
2000,Gymnocalycium spp.,28
2000,Ursus maritimus,27
2000,Caulastraea spp.,26
2000,Pecari tajacu,26
2000,Poicephalus senegalus,26
2000,Porites spp.,26
2000,Stetsonia coryne,26
2000,Cymbidium spp.,25
2000,Dendrobium thyrsiflorum,25
2000,Echinocactus grusonii,25
2000,Pilosocereus spp.,25
2000,Pocillopora spp.,25
2000,Polyphyllia talpina,25
2000,Serinus mozambicus,25
2000,Aloe ferox,24
2000,Arctocephalus pusillus,24
2000,Chelonoidis carbonarius,24
2000,Myrtillocactus cochal,24
2000,Strombus gigas,24
2000,Tridacna derasa,24
2000,Amazona ochrocephala,23
2000,Dendrobates auratus,23
2000,Falco rusticolus,23
2000,Favia pallida,23
2000,Moschus moschiferus,23
2000,Oreocereus trollii,23
2000,Physogyra lichtensteini,23
2000,Porites lichen,23
2000,Uraeginthus bengalus,23
2000,Varanus exanthematicus,23
2000,Aloe gariepensis,22
2000,Amadina fasciata,22
2000,Blastomussa wellsi,22
2000,Cattleya labiata,22
2000,Crocodylus moreletii,22
2000,Dendrobates tinctorius,22
2000,Elephas maximus,22
2000,Python sebae,22
2000,Tupinambis spp.,22
2000,Aloe squarrosa,21
2000,Amazona aestiva,21
2000,Amazona auropalliata,21
2000,Barnardius zonarius,21
2000,Brassia spp.,21
2000,Cordylus tropidosternum,21
2000,Cyanoramphus auriceps,21
2000,Galaxea astreata,21
2000,Maxillaria spp.,21
2000,Parodia warasii,21
2000,Platycercus elegans,21
2000,Cycadaceae spp.,20
2000,Dendrobium chrysotoxum,20
2000,Echinocereus spp.,20
2000,Mammillaria elongata,20
2000,Neobuxbaumia polylopha,20
2000,Ovis ammon,20
2000,Scolymia vitiensis,20
2000,Tayassu pecari,20
2000,Aloe marlothii,19
2000,Aloe melanacantha,19
2000,Aloe spp.,19
2000,Amazona amazonica,19
2000,Cacatua alba,19
2000,Cacatua moluccensis,19
2000,Eclectus roratus,19
2000,Estrilda melpoda,19
2000,Favites abdita,19
2000,Hydnophora spp.,19
2000,Lontra canadensis,19
2000,Papio hamadryas,19
2000,Tubipora spp.,19
2000,Bubo virginianus,18
2000,Dendrophyllia spp.,18
2000,Dypsis decaryi,18
2000,Favites spp.,18
2000,Hydnophora rigida,18
2000,Mammillaria bocasana,18
2000,Mammillaria rhodantha,18
2000,Odobenus rosmarus,18
2000,Oreocereus celsianus,18
2000,Rebutia fiebrigii,18
2000,Scleropages formosus,18
2000,Tridacna crocea,18
2000,Aquilaria malaccensis,17
2000,Bletilla spp.,17
2000,Bubo bubo,17
2000,Caracal caracal,17
2000,Cattleya loddigesii,17
2000,Ceratotherium simum simum,17
2000,Cymbidium sinense,17
2000,Dendrobium aggregatum,17
2000,Echinopsis spp.,17
2000,Estrilda troglodytes,17
2000,Ferocactus spp.,17
2000,Fungia moluccensis,17
2000,Grus canadensis,17
2000,Haageocereus spp.,17
2000,Mammillaria bombycina,17
2000,Mammillaria saboae,17
2000,Merulina ampliata,17
2000,Myrtillocactus geometrizans,17
2000,Ornithoptera priamus,17
2000,Panthera tigris,17
2000,Vanda spp.,17
2000,Aloe arborescens,16
2000,Aloe suprafoliata,16
2000,Amandava subflava,16
2000,Cattleya mossiae,16
2000,Cerberus rynchops,16
2000,Elephantidae spp.,16
2000,Espostoa melanostele,16
2000,Euphorbia milii,16
2000,Pleurothallis spp.,16
2000,Rebutia spp.,16
2000,Tridacna squamosa,16
2000,Vidua macroura,16
2000,Amazona oratrix,15
2000,Cacatua leadbeateri,15
2000,Cephalocereus senilis,15
2000,Estrilda caerulescens,15
2000,Ferocactus latispinus,15
2000,Fungia paumotensis,15
2000,Hippocampus kuda,15
2000,Lepanthes spp.,15
2000,Pandinus imperator,15
2000,Parodia comarapana,15
2000,Parodia leninghausii,15
2000,Parodia schumanniana,15
2000,Pocillopora damicornis,15
2000,Prionailurus bengalensis,15
2000,Agapornis canus,14
2000,Aquila chrysaetos,14
2000,Echinocereus knippelianus,14
2000,Ferocactus wislizeni,14
2000,Herpolitha limax,14
2000,Hippopus hippopus,14
2000,Leptailurus serval,14
2000,Pericopsis elata,14
2000,Philantomba monticola,14
2000,Platygyra spp.,14
2000,Saussurea costus,14
2000,Aprosmictus erythropterus,13
2000,Carnegiea spp.,13
2000,Cephalophus silvicultor,13
2000,Corallus caninus,13
2000,Corallus hortulanus,13
2000,Damaliscus pygargus pygargus,13
2000,Espostoa lanata,13
2000,Ferocactus gracilis,13
2000,Gracula religiosa,13
2000,Lagonosticta senegala,13
2000,Lycalopex griseus,13
2000,Lynx rufus,13
2000,Mammillaria hahniana,13
2000,Mammillaria magnimamma,13
2000,Mammillaria pringlei,13
2000,Parodia horstii,13
2000,Parodia microsperma,13
2000,Pilosocereus chrysacanthus,13
2000,Pilosocereus magnificus,13
2000,Ploceus cucullatus,13
2000,Turbinicarpus schmiedickeanus,13
2000,Cacatua goffiniana,12
2000,Candoia carinata,12
2000,Cyclamen coum,12
2000,Dendrobium bigibbum,12
2000,Dendrobium secundum,12
2000,Echinopsis backebergii,12
2000,Eunectes notaeus,12
2000,Falco peregrinus,12
2000,Favia spp.,12
2000,Ferocactus hamatacanthus,12
2000,Galanthus nivalis,12
2000,Hydnophora microconos,12
2000,Mammillaria haageana,12
2000,Mammillaria microhelia,12
2000,Mammillaria nivosa,12
2000,Mammillaria parkinsonii,12
2000,Mammilloydia candida,12
2000,Montipora spp.,12
2000,Ornithoptera goliath,12
2000,Papio anubis,12
2000,Parodia crassigibba,12
2000,Pocillopora verrucosa,12
2000,Seriatopora spp.,12
2000,Stenocereus thurberi,12
2000,Acipenser spp.,11
2000,Aloe greatheadii,11
2000,Cattleya amethystoglossa,11
2000,Cattleya maxima,11
2000,Cereus repandus,11
2000,Civettictis civetta,11
2000,Crocodylia spp.,11
2000,Cyanoliseus patagonus,11
2000,Cynarina spp.,11
2000,Dendrobium nobile,11
2000,Euplectes orix,11
2000,Gymnocalycium bruchii,11
2000,Heliopora coerulea,11
2000,Hirudo medicinalis,11
2000,Mammillaria longiflora,11
2000,Mammillaria zeilmanniana,11
2000,Montastrea valenciennesi,11
2000,Naja sputatrix,11
2000,Pilosocereus chrysostele,11
2000,Polytelis swainsonii,11
2000,Rebutia steinbachii,11
2000,Scolymia spp.,11
2000,Varanus rudicollis,11
2000,Vidua chalybeata,11
2000,Alisterus amboinensis,10
2000,Anas acuta,10
2000,Anodorhynchus hyacinthinus,10
2000,Aratinga acuticaudata,10
2000,Athene cunicularia,10
2000,Balaenoptera physalus,10
2000,Bubo capensis,10
2000,Cereus spp.,10
2000,Dendrobium bellatulum,10
2000,Dendrobium primulinum,10
2000,Echinopsis terscheckii,10
2000,Encephalartos horridus,10
2000,Gymnocalycium denudatum,10
2000,Mammillaria karwinskiana,10
2000,Morelia spilota,10
2000,Neophema pulchella,10
2000,Odontoglossum spp.,10
2000,Pachycereus marginatus,10
2000,Pionites melanocephalus,10
2000,Porites lobata,10
2000,Porites lutea,10
2000,Psephotus haematonotus,10
2000,Stylophora pistillata,10
2000,Symphyllia spp.,10
2000,Varanus dumerilii,10
2000,Acipenser ruthenus,9
2000,Acrochordus javanicus,9
2000,Amazona autumnalis,9
2000,Antaresia childreni,9
2000,Antipathes densa,9
2000,Aratinga erythrogenys,9
2000,Asio otus,9
2000,Brassia caudata,9
2000,Bubo africanus,9
2000,Cattleya lawrenceana,9
2000,Cebus olivaceus,9
2000,Chamaeleo gracilis,9
2000,Chysis bractescens,9
2000,Cochleanthes amazonica,9
2000,Dendrobium pendulum,9
2000,Dicksonia antarctica,9
2000,Eulychnia acida,9
2000,Hippocampus spp.,9
2000,Lonchura cantans,9
2000,Mammillaria carmenae,9
2000,Miltonia spp.,9
2000,Morelia viridis,9
2000,Nepenthes spp.,9
2000,Pavona spp.,9
2000,Serinus leucopygius,9
2000,Thelocactus bicolor,9
2000,Trichoglossus haematodus,9
2000,Trioceros melleri,9
2000,Accipiter nisus,8
2000,Acineta superba,8
2000,Amazona albifrons,8
2000,Amazona finschi,8
2000,Balaenoptera musculus,8
2000,Bothrochilus boa,8
2000,Coryphantha elephantidens,8
2000,Crocodylus hybrid,8
2000,Dendrobates leucomelas,8
2000,Dendrobium heterocarpum,8
2000,Dendrobium spectabile,8
2000,Echinocereus rigidissimus,8
2000,Falco cherrug,8
2000,Felis silvestris,8
2000,Ferocactus echidne,8
2000,Gymnocalycium anisitsii,8
2000,Gymnocalycium quehlianum,8
2000,Kinyongia fischeri,8
2000,Kinyongia tavetana,8
2000,Mammillaria pectinifera,8
2000,Manouria emys,8
2000,Montipora verrucosa,8
2000,Neopsephotus bourkii,8
2000,Parodia maassii,8
2000,Pectinia spp.,8
2000,Polyphyllia spp.,8
2000,Polytelis alexandrae,8
2000,Testudo graeca,8
2000,Varanus doreanus,8
2000,Vidua orientalis,8
2000,Acinonyx jubatus,7
2000,Acipenseriformes spp.,7
2000,Aldabrachelys gigantea,7
2000,Amazona farinosa,7
2000,Ambystoma mexicanum,7
2000,Apodora papuana,7
2000,Ara severus,7
2000,Ariocarpus kotschoubeyanus,7
2000,Astrophytum asterias,7
2000,Candoia aspera,7
2000,Cattleya luteola,7
2000,Cattleya skinneri,7
2000,Ceratostylis spp.,7
2000,Chamaeleo jacksonii,7
2000,Chersina angulata,7
2000,Dendrobium fimbriatum,7
2000,Dendrobium jacobsonii,7
2000,Distichopora spp.,7
2000,Dracula sibundoyensis,7
2000,Epidendrum spp.,7
2000,Eretmochelys imbricata,7
2000,Euphorbia hybrid,7
2000,Galanthus spp.,7
2000,Kinixys homeana,7
2000,Lorius garrulus,7
2000,Manis javanica,7
2000,Montipora foliosa,7
2000,Myiopsitta monachus,7
2000,Naja naja,7
2000,Oena capensis,7
2000,Opuntia engelmannii,7
2000,Opuntia microdasys,7
2000,Papio spp.,7
2000,Phelsuma madagascariensis,7
2000,Physogyra spp.,7
2000,Prunus africana,7
2000,Seriatopora hystrix,7
2000,Sphaeropteris glauca,7
2000,Stylophora spp.,7
2000,Thelocactus hexaedrophorus,7
2000,Troides helena,7
2000,Tubastraea spp.,7
2000,Varanus albigularis,7
2000,Agapornis nigrigenis,6
2000,Alisterus chloropterus,6
2000,Ameerega trivittata,6
2000,Antilope cervicapra,6
2000,Arapaima gigas,6
2000,Ariocarpus fissuratus,6
2000,Ariocarpus retusus,6
2000,Ascocentrum miniatum,6
2000,Barbosella prorepens,6
2000,Bison bison athabascae,6
2000,Bolborhynchus lineola,6
2000,Bollea hirtzii,6
2000,Caloenas nicobarica,6
2000,Caretta caretta,6
2000,Catasetum microglossum,6
2000,Cattleya nobilior,6
2000,Cattleya porphyroglossa,6
2000,Coelogyne rochussenii,6
2000,Corucia zebrata,6
2000,Cyatheaceae spp.,6
2000,Cycas spp.,6
2000,Cyclamen spp.,6
2000,Dendrobium arcuatum,6
2000,Dendrobium capillipes,6
2000,Dendrobium crepidatum,6
2000,Dendrobium gratiosissimum,6
2000,Dendrobium mutabile,6
2000,Dendrobium pulchellum,6
2000,Dendrobium senile,6
2000,Diopsittaca nobilis,6
2000,Echinopsis aurea,6
2000,Eolophus roseicapilla,6
2000,Euplectes afer,6
2000,Euplectes franciscanus,6
2000,Furcifer oustaleti,6
2000,Galanthus elwesii,6
2000,Gymnocalycium mihanovichii,6
2000,Kinixys belliana,6
2000,Leiopython albertisii,6
2000,Lorius lory,6
2000,Moschus spp.,6
2000,Mycedium spp.,6
2000,Neophema elegans,6
2000,Oroya peruviana,6
2000,Pachycereus pecten-aboriginum,6
2000,Pachyseris spp.,6
2000,Python spp.,6
2000,Pyxis planicauda,6
2000,Ramphastos tucanus,6
2000,Rebutia heliosa,6
2000,Rebutia pygmaea,6
2000,Sobralia spp.,6
2000,Stanhopea spp.,6
2000,Streptopelia senegalensis,6
2000,Thelocactus rinconensis,6
2000,Tillandsia harrisii,6
2000,Trioceros werneri,6
2000,Varanus spp.,6
2000,Acanthocereus tetragonus,5
2000,Adelphobates quinquevittatus,5
2000,Alopochen aegyptiaca,5
2000,Anas crecca,5
2000,Antaresia maculosa,5
2000,Antipathes spp.,5
2000,Ara macao,5
2000,Aratinga canicularis,5
2000,Aratinga jandaya,5
2000,Aratinga weddellii,5
2000,Ariocarpus trigonus,5
2000,Blastomussa spp.,5
2000,Bletilla ochracea,5
2000,Buteo regalis,5
2000,Calanthe plantaginea,5
2000,Catasetum macroglossum,5
2000,Cattleya granulosa,5
2000,Cibotium barometz,5
2000,Cirrhipathes anguina,5
2000,Cleistocactus spp.,5
2000,Coelogyne nitida,5
2000,Conepatus humboldtii,5
2000,Copiapoa cinerea,5
2000,Copiapoa spp.,5
2000,Crocodylus spp.,5
2000,Cygnus melancoryphus,5
2000,Cymbidium faberi,5
2000,Cypripedium formosanum,5
2000,Cypripedium reginae,5
2000,Cyrtopodium spp.,5
2000,Dalbergia nigra,5
2000,Dendrobium farmeri,5
2000,Discocactus horstii,5
2000,Discocactus zehntneri,5
2000,Dracula polyphemus,5
2000,Dracula portillae,5
2000,Dracula rezekiana,5
2000,Echinocereus scheeri,5
2000,Encephalartos longifolius,5
2000,Eos rubra,5
2000,Epicrates cenchria,5
2000,Eriosyce spp.,5
2000,Euphyllia divisa,5
2000,Goniastrea spp.,5
2000,Hippocampus erectus,5
2000,Lonchura cucullata,5
2000,Lorius chlorocercus,5
2000,Masdevallia spp.,5
2000,Montastrea annuligera,5
2000,Montastrea spp.,5
2000,Nepenthes rafflesiana,5
2000,Pan troglodytes,5
2000,Papio cynocephalus,5
2000,Parabuteo unicinctus,5
2000,Pectinia lactuca,5
2000,Polytelis anthopeplus,5
2000,Psittacus erithacus timneh,5
2000,Purpureicephalus spurius,5
2000,Pyxis arachnoides,5
2000,Rhynchostylis gigantea,5
2000,Rhynchostylis retusa,5
2000,Stephanocereus leucostele,5
2000,Testudo horsfieldii,5
2000,Tragelaphus spekii,5
2000,Trioceros bitaeniatus,5
2000,Turbinicarpus pseudomacrochele,5
2000,Tyto alba,5
2000,Varanus beccarii,5
2000,Varanus jobiensis,5
2000,Varanus salvadorii,5
2000,Vicugna vicugna,5
2000,Accipiter spp.,4
2000,Acineta erythroxantha,4
2000,Acrantophis dumerili,4
2000,Aegolius funereus,4
2000,Aerangis citrata,4
2000,Agapornis taranta,4
2000,Amazona dufresniana,4
2000,Amazona viridigenalis,4
2000,Arctocephalus gazella,4
2000,Ariocarpus agavoides,4
2000,Ascocentrum ampullaceum,4
2000,Asio flammeus,4
2000,Athene noctua,4
2000,Balearica regulorum,4
2000,Batagur borneoensis,4
2000,Bletilla formosana,4
2000,Bothriechis schlegelii,4
2000,Brassia maculata,4
2000,Bubalus arnee,4
2000,Bulbophyllum spp.,4
2000,Buteo buteo,4
2000,Buteo poecilochrous,4
2000,Calabaria reinhardtii,4
2000,Catasetum spp.,4
2000,Cattleya eldorado,4
2000,Cattleya elongata,4
2000,Cattleya gaskelliana,4
2000,Cattleya violacea,4
2000,Cephalophus dorsalis,4
2000,Cercopithecus spp.,4
2000,Ceropegia spp.,4
2000,Chalcopsitta duivenbodei,4
2000,Chalcopsitta sintillata,4
2000,Chondrorhyncha hirtzii,4
2000,Coleocephalocereus aureus,4
2000,Cyanoramphus novaezelandiae,4
2000,Cypripedium japonicum,4
2000,Cypripedium spp.,4
2000,Dendrobium cruentum,4
2000,Dendrobium crumenatum,4
2000,Dendrobium cucumerinum,4
2000,Dendrobium laevifolium,4
2000,Dendrobium macrophyllum,4
2000,Echinopsis chamaecereus,4
2000,Echinopsis chiloensis,4
2000,Encephalartos natalensis,4
2000,Encephalartos trispinosus,4
2000,Eunectes murinus,4
2000,Euphorbia lactea,4
2000,Euplectes hordeaceus,4
2000,Euplectes macroura,4
2000,Hippocampus trimaculatus,4
2000,Leptotes bicolor,4
2000,Leucopsar rothschildi,4
2000,Liasis fuscus,4
2000,Loriculus galgulus,4
2000,Lutra lutra,4
2000,Mantella aurantiaca,4
2000,Melocactus azureus,4
2000,Merulina spp.,4
2000,Mustela altaica,4
2000,Pelecyphora strobiliformis,4
2000,Phalaenopsis amabilis,4
2000,Phalaenopsis schilleriana,4
2000,Pionus fuscus,4
2000,Pionus menstruus,4
2000,Platycercus adscitus,4
2000,Poicephalus gulielmi,4
2000,Poicephalus meyeri,4
2000,Poicephalus robustus,4
2000,Poicephalus rueppellii,4
2000,Polycycnis spp.,4
2000,Psittacula alexandri,4
2000,Psittacula cyanocephala,4
2000,Psittacula longicauda,4
2000,Pteropus tonganus,4
2000,Pytilia hypogrammica,4
2000,Ramphastos toco,4
2000,Rebutia arenacea,4
2000,Rebutia canigueralii,4
2000,Scaphosepalum spp.,4
2000,Sclerocactus papyracanthus,4
2000,Strix aluco,4
2000,Symphyllia agaricia,4
2000,Terrapene spp.,4
2000,Testudo hermanni,4
2000,Tridacna gigas,4
2000,Trioceros deremensis,4
2000,Troides haliphron,4
2000,Troides oblongomaculatus,4
2000,Turbinicarpus spp.,4
2000,Uebelmannia pectinifera,4
2000,Zygopetalum spp.,4
2000,Accipiter gentilis,3
2000,Acipenser schrenckii,3
2000,Acropora subulata,3
2000,Aerangis curnowiana,3
2000,Agapornis hybrid,3
2000,Alisterus scapularis,3
2000,Aloe capitata,3
2000,Aloe macroclada,3
2000,Aloe parallelifolia,3
2000,Ansellia gigantea,3
2000,Antipatharia spp.,3
2000,Ara ambiguus,3
2000,Ara hybrid,3
2000,Ara militaris,3
2000,Aratinga aurea,3
2000,Aratinga holochlora,3
2000,Aratinga mitrata,3
2000,Aratinga pertinax,3
2000,Argusianus argus,3
2000,Australogyra spp.,3
2000,Blastomussa merleti,3
2000,Bollea spp.,3
2000,Brotogeris versicolurus,3
2000,Bulbophyllum antenniferum,3
2000,Bulbophyllum biflorum,3
2000,Bulbophyllum binnendijkii,3
2000,Bulbophyllum croceum,3
2000,Bulbophyllum lobbii,3
2000,Bulbophyllum odoratissimum,3
2000,Bulbophyllum reticulatum,3
2000,Bulbophyllum secundum,3
2000,Buteo jamaicensis,3
2000,Cacatua sanguinea,3
2000,Caiman spp.,3
2000,Calanthe reflexa,3
2000,Calumma parsonii,3
2000,Caracara plancus,3
2000,Cattleya aurea,3
2000,Cattleya bowringiana,3
2000,Cattleya dowiana,3
2000,Cattleya intermedia,3
2000,Cattleya leopoldii,3
2000,Cattleya warscewiczii,3
2000,Caularthron bilamellatum,3
2000,Caulastraea furcata,3
2000,Cebus apella,3
2000,Cebus capucinus,3
2000,Chelonoidis denticulatus,3
2000,Coelogyne tomentosa,3
2000,Coelogyne trinervis,3
2000,Colibri coruscans,3
2000,Columba guinea,3
2000,Coracopsis nigra,3
2000,Coracopsis vasa,3
2000,Cyclamen cilicium,3
2000,Cyclamen graecum,3
2000,Cyclopsitta diophthalma,3
2000,Cymbidium aloifolium,3
2000,Cymbidium hookerianum,3
2000,Cypripedium franchetii,3
2000,Cypripedium macranthos,3
2000,Dendrobium anosmum,3
2000,Dendrobium chrysanthum,3
2000,Dendrobium ochreatum,3
2000,Dendrobium reflexitepalum,3
2000,Dendrobium sanderae,3
2000,Dendrobium speciosum,3
2000,Dendrobium sulcatum,3
2000,Deroptyus accipitrinus,3
2000,Dimerandra emarginata,3
2000,Diodonopsis erinacea,3
2000,Diploastrea heliopora,3
2000,Discocactus bahiensis,3
2000,Discocactus heptacanthus,3
2000,Discocactus placentiformis,3
2000,Doritis spp.,3
2000,Dracaena guianensis,3
2000,Encephalartos lebomboensis,3
2000,Encephalartos middelburgensis,3
2000,Encephalartos spp.,3
2000,Encephalartos transvenosus,3
2000,Eriosyce strausiana,3
2000,Estrilda astrild,3
2000,Forpus coelestis,3
2000,Forpus passerinus,3
2000,Furcifer cephalolepis,3
2000,Furcifer pardalis,3
2000,Gypohierax angolensis,3
2000,Laelia anceps,3
2000,Laelia sincorana,3
2000,Lepanthes calodictyon,3
2000,Lynx lynx,3
2000,Macaca nemestrina,3
2000,Mammillaria herrerae,3
2000,Mantella spp.,3
2000,Millepora spp.,3
2000,Miltonia spectabilis,3
2000,Morelia amethistina,3
2000,Morelia boeleni,3
2000,Musophaga violacea,3
2000,Neofinetia falcata,3
2000,Nyctea scandiaca,3
2000,Obregonia denegrii,3
2000,Oeonia spp.,3
2000,Opuntia spp.,3
2000,Ornithoptera tithonus,3
2000,Ovis canadensis,3
2000,Paleosuchus palpebrosus,3
2000,Paraphalaenopsis spp.,3
2000,Pediocactus peeblesianus,3
2000,Pescatoria spp.,3
2000,Phelsuma dubia,3
2000,Phelsuma laticauda,3
2000,Phoenicopterus ruber,3
2000,Phragmipedium besseae,3
2000,Pionus senilis,3
2000,Platycercus icterotis,3
2000,Plectropterus gambensis,3
2000,Polemaetus bellicosus,3
2000,Porroglossum spp.,3
2000,Primolius auricollis,3
2000,Psephotus varius,3
2000,Pseudeos fuscata,3
2000,Psittaciformes spp.,3
2000,Psittacula eupatria,3
2000,Pytilia phoenicoptera,3
2000,Rhynchostele cervantesii,3
2000,Schomburgkia splendida,3
2000,Sclerocactus pubispinus,3
2000,Sternbergia lutea,3
2000,Streptopelia turtur,3
2000,Tauraco livingstonii,3
2000,Tragelaphus eurycerus,3
2000,Trichoglottis spp.,3
2000,Trioceros rudis,3
2000,Turbinicarpus laui,3
2000,Turbinicarpus pseudopectinatus,3
2000,Turbinicarpus valdezianus,3
2000,Tursiops truncatus,3
2000,Uromastyx dispar,3
2000,Varanus indicus,3
2000,Zamiaceae spp.,3
2000,Acipenser nudiventris,2
2000,Acipenseridae hybrid,2
2000,Acropora cervicornis,2
2000,Acropora millepora,2
2000,Acropora nobilis,2
2000,Acropora robusta,2
2000,Aerangis distincta,2
2000,Aeranthes denticulata,2
2000,Aerides spp.,2
2000,Agapornis pullarius,2
2000,Agkistrodon bilineatus,2
2000,Alligator sinensis,2
2000,Aloe ballii,2
2000,Aloe ramosissima,2
2000,Alsophila cunninghamii,2
2000,Amazilia amazilia,2
2000,Amazona festiva,2
2000,Ameerega picta,2
2000,Ammotragus lervia,2
2000,Anacamptis pyramidalis,2
2000,Anas formosa,2
2000,Anas penelope,2
2000,Angraecum eichlerianum,2
2000,Angraecum sesquipedale,2
2000,Anthropoides paradiseus,2
2000,Anthropoides virgo,2
2000,Aonyx cinerea,2
2000,Aquila rapax,2
2000,Aratinga leucophthalma,2
2000,Ardeotis kori,2
2000,Arpophyllum spicatum,2
2000,Arrojadoa spp.,2
2000,Asarcornis scutulata,2
2000,Astrophytum spp.,2
2000,Barkeria uniflora,2
2000,Batemannia colleyi,2
2000,Bhutanitis lidderdalii,2
2000,Bhutanitis mansfieldi,2
2000,Bletilla striata,2
2000,Brachypelma baumgarteni,2
2000,Brachypelma vagans,2
2000,Brassavola cucullata,2
2000,Brassavola perrinii,2
2000,Browningia spp.,2
2000,Buceros rhinoceros,2
2000,Bulbophyllum afzelii,2
2000,Bulbophyllum echinolabium,2
2000,Bulbophyllum fletcherianum,2
2000,Bulbophyllum laxiflorum,2
2000,Bulbophyllum macraei,2
2000,Bulbophyllum mirum,2
2000,Bulbophyllum pahudii,2
2000,Buteo polyosoma,2
2000,Cacatua tenuirostris,2
2000,Callithrix argentata,2
2000,Callithrix geoffroyi,2
2000,Callithrix jacchus,2
2000,Calyptorhynchus baudinii,2
2000,Catasetum sanguineum,2
2000,Cattleya bicolor,2
2000,Cattleya candida,2
2000,Cattleya dolosa,2
2000,Cattleya guttata,2
2000,Cattleya lueddemanniana,2
2000,Cattleya mooreana,2
2000,Cattleya warneri,2
2000,Cephalocereus spp.,2
2000,Ceratozamia mexicana,2
2000,Ceratozamia spp.,2
2000,Cercopithecidae spp.,2
2000,Cercopithecus neglectus,2
2000,Chelonistele sulphurea,2
2000,Chondrorhyncha spp.,2
2000,Cirrhopetalum spp.,2
2000,Cischweinfia rostrata,2
2000,Cochleanthes candida,2
2000,Coelia bella,2
2000,Coeligena iris,2
2000,Coelogyne flaccida,2
2000,Coelogyne pandurata,2
2000,Coelogyne speciosa,2
2000,Colobus guereza,2
2000,Comparettia macroplectron,2
2000,Constantia cipoensis,2
2000,Coryanthes speciosa,2
2000,Coryanthes spp.,2
2000,Coryphantha werdermannii,2
2000,Crax alector,2
2000,Cyathea spp.,2
2000,Cyclamen cyprium,2
2000,Cycnoches egertonianum,2
2000,Cylindropuntia cholla,2
2000,Cymbidium ensifolium,2
2000,Cymbidium finlaysonianum,2
2000,Cyphastrea serailia,2
2000,Cypripedium calceolus,2
2000,Daboia russelii,2
2000,Dactylorhiza foliosa,2
2000,Delphinapterus leucas,2
2000,Dendrobium aduncum,2
2000,Dendrobium finisterrae,2
2000,Dendrobium formosum,2
2000,Dendrobium gibsonii,2
2000,Dendrobium hercoglossum,2
2000,Dendrobium kingianum,2
2000,Dendrobium moschatum,2
2000,Dendrobium scabrilingue,2
2000,Dendrobium tenellum,2
2000,Dendrobium tetrodon,2
2000,Dendrobium transparens,2
2000,Dendrobium vexillarius,2
2000,Dendrochilum spp.,2
2000,Dermochelys coriacea,2
2000,Diceros bicornis,2
2000,Dichaea spp.,2
2000,Dicksoniaceae spp.,2
2000,Dracula cordobae,2
2000,Dracula spp.,2
2000,Dracula vespertilio,2
2000,Dracula woolwardiae,2
2000,Dryadella edwallii,2
2000,Echinocactus spp.,2
2000,Echinopsis spachiana,2
2000,Elaphe radiata,2
2000,Encephalartos aemulans,2
2000,Encephalartos altensteinii,2
2000,Encephalartos arenarius,2
2000,Encephalartos gratus,2
2000,Encephalartos inopinus,2
2000,Encephalartos kisambo,2
2000,Encephalartos lanatus,2
2000,Encephalartos lehmannii,2
2000,Encephalartos villosus,2
2000,Encyclia citrina,2
2000,Encyclia cordigera,2
2000,Encyclia patens,2
2000,Epidendrum stamfordianum,2
2000,Epipedobates trivittatus,2
2000,Equus przewalskii,2
2000,Eriopsis biloba,2
2000,Espostoa spp.,2
2000,Espostoopsis dybowskii,2
2000,Euphorbia capmanambatoensis,2
2000,Euphorbia horrida,2
2000,Euphorbia resinifera,2
2000,Euplectes ardens,2
2000,Falco tinnunculus,2
2000,Faviidae spp.,2
2000,Gallus sonneratii,2
2000,Gongora fulva,2
2000,Goniastrea pectinata,2
2000,Goniastrea retiformis,2
2000,Guaiacum sanctum,2
2000,Gyps rueppellii,2
2000,Haageocereus pseudomelanostele,2
2000,Haliaeetus leucocephalus,2
2000,Haliastur indus,2
2000,Heliopora spp.,2
2000,Hylobates moloch,2
2000,Indotestudo forstenii,2
2000,Kinixys erosa,2
2000,Laelia cinnabarina,2
2000,Laelia liliputana,2
2000,Laelia pumila,2
2000,Laelia purpurata,2
2000,Laelia reginae,2
2000,Laelia tenebrosa,2
2000,Lagonosticta rubricata,2
2000,Lama guanicoe,2
2000,Leiothrix lutea,2
2000,Lepanthes maxonii,2
2000,Leptoseris spp.,2
2000,Lockhartia imbricata,2
2000,Ludisia spp.,2
2000,Lycaste aromatica,2
2000,Lycaste deppei,2
2000,Malacochersus tornieri,2
2000,Mammillaria polythele,2
2000,Mammillaria theresae,2
2000,Masdevallia norops,2
2000,Masdevallia picturata,2
2000,Masdevallia xanthina,2
2000,Maxillaria tenuifolia,2
2000,Meleagris ocellata,2
2000,Mellivora capensis,2
2000,Mexicoa ghiesbrechtiana,2
2000,Miltoniopsis roezlii,2
2000,Myrmecophaga tridactyla,2
2000,Myrmecophila grandiflora,2
2000,Nandayus nenday,2
2000,Necrosyrtes monachus,2
2000,Neobuxbaumia spp.,2
2000,Neophema petrophila,2
2000,Nepenthes alata,2
2000,Nepenthes muluensis,2
2000,Nepenthes sanguinea,2
2000,Northiella haematogaster,2
2000,Oeceoclades spp.,2
2000,Oerstedella spp.,2
2000,Oncidium obryzatum,2
2000,Oncidium tigrinum,2
2000,Oophaga pumilio,2
2000,Ornithoptera croesus,2
2000,Ornithoptera meridionalis,2
2000,Otus choliba,2
2000,Otus watsonii,2
2000,Oxypora spp.,2
2000,Pachycereus spp.,2
2000,Pachypodium spp.,2
2000,Panthera tigris altaica,2
2000,Paphiopedilum adductum,2
2000,Paphiopedilum bellatulum,2
2000,Paphiopedilum charlesworthii,2
2000,Parodia haselbergii,2
2000,Pavo muticus,2
2000,Pediocactus bradyi despainii,2
2000,Pediocactus paradinei,2
2000,Pelecyphora aselliformis,2
2000,Phelsuma comorensis,2
2000,Phelsuma quadriocellata,2
2000,Phragmipedium spp.,2
2000,Phragmipedium wallisii,2
2000,Physeter macrocephalus,2
2000,Pionites leucogaster,2
2000,Pionopsitta caica,2
2000,Pionus maximiliani,2
2000,Ploceus vitellinus,2
2000,Podocnemis erythrocephala,2
2000,Poicephalus rufiventris,2
2000,Propithecus diadema,2
2000,Psittinus cyanurus,2
2000,Pyrenestes ostrinus,2
2000,Pyrrhura frontalis,2
2000,Pyrrhura molinae,2
2000,Ramphastos vitellinus,2
2000,Renanthera philippinensis,2
2000,Renanthera spp.,2
2000,Restrepia spp.,2
2000,Restrepiopsis spp.,2
2000,Rhea americana albescens,2
2000,Rhinocerotidae spp.,2
2000,Rhynchostylis coelestis,2
2000,Rhynchostylis spp.,2
2000,Rossioglossum grande,2
2000,Rucervus eldii,2
2000,Rudolfiella picta,2
2000,Saguinus labiatus,2
2000,Scaphyglottis spp.,2
2000,Schoenorchis spp.,2
2000,Schomburgkia crispa,2
2000,Sclerocactus mariposensis,2
2000,Sclerocactus mesae-verdae,2
2000,Spathoglottis spp.,2
2000,Spermophaga haematina,2
2000,Stanhopea hernandezii,2
2000,Stanhopea tigrina,2
2000,Stelis spp.,2
2000,Stenocactus spp.,2
2000,Stenocereus pruinosus,2
2000,Stigmochelys pardalis,2
2000,Strix nebulosa,2
2000,Strix uralensis,2
2000,Stylaster spp.,2
2000,Tauraco persa,2
2000,Taxus wallichiana,2
2000,Testudinidae spp.,2
2000,Tillandsia spp.,2
2000,Tillandsia xerographica,2
2000,Tragopan satyra,2
2000,Trichocentrum spp.,2
2000,Tridacna spp.,2
2000,Trioceros fuelleborni,2
2000,Trioceros pfefferi,2
2000,Trioceros wiedersheimi,2
2000,Turbinicarpus horripilus,2
2000,Turbinicarpus swobodae,2
2000,Turtur afer,2
2000,Uromastyx aegyptia,2
2000,Vanda denisoniana,2
2000,Vanda tricolor,2
2000,Varanus acanthurus,2
2000,Varanus gilleni,2
2000,Varecia variegata,2
2000,Accipiter melanoleucus,1
2000,Acharagma roseanum,1
2000,Acipenser baerii,1
2000,Acipenser medirostris,1
2000,Acipenser transmontanus,1
2000,Acrantophis madagascariensis,1
2000,Acropora cytherea,1
2000,Acropora echinata,1
2000,Acropora florida,1
2000,Acropora horrida,1
2000,Acropora latistella,1
2000,Acropora palifera,1
2000,Acropora selago,1
2000,Acropora tortuosa,1
2000,Acropora valenciennesi,1
2000,Acropora valida,1
2000,Acropora vaughani,1
2000,Ada spp.,1
2000,Addax nasomaculatus,1
2000,Adelphobates galactonotus,1
2000,Aegolius acadicus,1
2000,Aegypius monachus,1
2000,Aerangis cryptodon,1
2000,Aerangis fastuosa,1
2000,Aerangis fuscata,1
2000,Aerangis hyaloides,1
2000,Aerangis macrocentra,1
2000,Aeranthes grandiflora,1
2000,Aerides falcata,1
2000,Aerides fieldingii,1
2000,Aerides krabiensis,1
2000,Aerides lawrenceae,1
2000,Aerides odorata,1
2000,Aerides quinquevulnera,1
2000,Agaricia spp.,1
2000,Agaricia undata,1
2000,Agave parviflora,1
2000,Agave spp.,1
2000,Aglaiocercus kingi,1
2000,Ailuropoda melanoleuca,1
2000,Alamania punicea,1
2000,Alligatoridae spp.,1
2000,Aloe buettneri,1
2000,Aloe cameronii,1
2000,Aloe comptonii,1
2000,Aloe cooperi,1
2000,Aloe descoingsii,1
2000,Aloe haworthioides,1
2000,Aloe khamiesensis,1
2000,Aloe laeta,1
2000,Aloe lineata,1
2000,Aloe mitriformis,1
2000,Aloe myriacantha,1
2000,Aloe pictifolia,1
2000,Aloe pillansii,1
2000,Aloe plicatilis,1
2000,Aloe pratensis,1
2000,Aloe rauhii,1
2000,Aloe thompsoniae,1
2000,Aloe versicolor,1
2000,Aloe vryheidensis,1
2000,Alouatta palliata,1
2000,Alsophila smithii,1
2000,Amazilia franciae,1
2000,Amazilia tzacatl,1
2000,Amazona collaria,1
2000,Amazona guildingii,1
2000,Amazona ventralis,1
2000,Amazona xanthops,1
2000,Anas clypeata,1
2000,Anas querquedula,1
2000,Angraecum calceolus,1
2000,Angraecum mahavavense,1
2000,Angraecum protensum,1
2000,Angraecum ramosum,1
2000,Angraecum sacculatum,1
2000,Angraecum spp.,1
2000,Anguloa clowesii,1
2000,Anguloa hybrid,1
2000,Anneliesia candida,1
2000,Anomalurus pelii,1
2000,Anthracoceros albirostris,1
2000,Anthracoceros malayanus,1
2000,Antipathes gallensis,1
2000,Aquila adalberti,1
2000,Aquila audax,1
2000,Aquila nipalensis,1
2000,Aquila pomarina,1
2000,Aquilaria spp.,1
2000,Ara spp.,1
2000,Aratinga auricapillus,1
2000,Aratinga wagleri,1
2000,Arctictis binturong,1
2000,Ardeotis australis,1
2000,Armatocereus spp.,1
2000,Ascocentrum curvifolium,1
2000,Ascocentrum spp.,1
2000,Asio capensis,1
2000,Aspasia lunata,1
2000,Aspasia variegata,1
2000,Aspidites ramsayi,1
2000,Atropoides nummifer,1
2000,Austrocylindropuntia subulata,1
2000,Avonia papyracea,1
2000,Aythya nyroca,1
2000,Aztekium ritteri,1
2000,Balaeniceps rex,1
2000,Balaenidae spp.,1
2000,Balaenoptera acutorostrata,1
2000,Balaenoptera borealis,1
2000,Balaenoptera spp.,1
2000,Barkeria lindleyana,1
2000,Barkeria spectabilis,1
2000,Basiphyllaea spp.,1
2000,Berenicornis comatus,1
2000,Bifrenaria harrisoniae,1
2000,Boa constrictor occidentalis,1
2000,Boidae spp.,1
2000,Bombycilla japonica,1
2000,Bos mutus,1
2000,Bothrops asper,1
2000,Brachionidium folsomii,1
2000,Brachylophus vitiensis,1
2000,Brachypelma albopilosum,1
2000,Brachypelma boehmei,1
2000,Brachypelma emilia,1
2000,Brassavola spp.,1
2000,Brassia allenii,1
2000,Brassia arcuigera,1
2000,Brassia keiliana,1
2000,Brassia signata,1
2000,Brassia villosa,1
2000,Bromheadia aporoides,1
2000,Brotogeris cyanoptera,1
2000,Brotogeris jugularis,1
2000,Brotogeris pyrrhoptera,1
2000,Bubo nipalensis,1
2000,Bugeranus carunculatus,1
2000,Bulbophyllum affine,1
2000,Bulbophyllum beccarii,1
2000,Bulbophyllum blepharistes,1
2000,Bulbophyllum blumei,1
2000,Bulbophyllum dearei,1
2000,Bulbophyllum ecornutum,1
2000,Bulbophyllum flavescens,1
2000,Bulbophyllum grandiflorum,1
2000,Bulbophyllum hamatipes,1
2000,Bulbophyllum lucidum,1
2000,Bulbophyllum patens,1
2000,Bulbophyllum purpurascens,1
2000,Bulbophyllum putidum,1
2000,Bulbophyllum refractum,1
2000,Bulbophyllum rothschildianum,1
2000,Bulbophyllum spathulatum,1
2000,Bulbophyllum unitubum,1
2000,Bulbophyllum vaginatum,1
2000,Bulbophyllum wendlandianum,1
2000,Buteo albonotatus,1
2000,Buteo oreophilus,1
2000,Buteo spp.,1
2000,Buteogallus meridionalis,1
2000,Cacajao calvus,1
2000,Cacatua ducorpsii,1
2000,Cacatua hybrid,1
2000,Cacatua spp.,1
2000,Calanthe rubens,1
2000,Calanthe spp.,1
2000,Calanthe striata,1
2000,Calanthe tricarinata,1
2000,Calanthe triplicata,1
2000,Calanthe vestita,1
2000,Callicebus brunneus,1
2000,Callithrix pygmaea,1
2000,Calumma furcifer,1
2000,Calumma malthe,1
2000,Calyptorhynchus banksii,1
2000,Campylocentrum spp.,1
2000,Campylopterus hemileucurus,1
2000,Candoia bibroni,1
2000,Canis lupus monstrabilis,1
2000,Capra falconeri,1
2000,Casarea dussumieri,1
2000,Catasetum cernuum,1
2000,Catasetum fimbriatum,1
2000,Catasetum hookeri,1
2000,Catasetum longifolium,1
2000,Catasetum pileatum,1
2000,Catasetum rooseveltianum,1
2000,Catasetum saccatum,1
2000,Catasetum spitzii,1
2000,Catasetum tabulare,1
2000,Catasetum trulla,1
2000,Catopuma badia,1
2000,Cattleya aclandiae,1
2000,Cattleya araguaiensis,1
2000,Cattleya aurantiaca,1
2000,Cattleya deckeri,1
2000,Cattleya forbesii,1
2000,Cattleya harrisoniana,1
2000,Cattleya percivaliana,1
2000,Cattleya schilleriana,1
2000,Cattleya walkeriana,1
2000,Cebus albifrons,1
2000,Cebus spp.,1
2000,Ceratochilus spp.,1
2000,Ceratozamia norstogii,1
2000,Ceratozamia robusta,1
2000,Cercocebus agilis,1
2000,Cercocebus albigena,1
2000,Cercopithecus cephus,1
2000,Cercopithecus diana,1
2000,Cercopithecus nictitans,1
2000,Cercopithecus petaurista,1
2000,Cercopithecus wolfi,1
2000,Cereus hildmannianus,1
2000,Ceropegia albisepta,1
2000,Ceropegia cimiciodora,1
2000,Ceropegia zeyheri,1
2000,Cervus elaphus bactrianus,1
2000,Chamaeleo anchietae,1
2000,Chamaeleo chamaeleon,1
2000,Chamaeleo spp.,1
2000,Charmosyna placentis,1
2000,Chaubardia heteroclita,1
2000,Chaubardiella hirtzii,1
2000,Chelonia mydas,1
2000,Chelonoidis niger,1
2000,Chiloschista spp.,1
2000,Chiloschista usneoides,1
2000,Chlorocebus sabaeus,1
2000,Chondrorhyncha andreettae,1
2000,Chrysocyon brachyurus,1
2000,Chrysoglossum ornatum,1
2000,Chysis aurea,1
2000,Chysis tricostata,1
2000,Circus aeruginosus,1
2000,Cischweinfia spp.,1
2000,Cleisostoma scortechinii,1
2000,Cleistocactus brookeae,1
2000,Cleistocactus samaipatanus,1
2000,Clowesia rosea,1
2000,Cochleanthes aromatica,1
2000,Cochleanthes flabelliformis,1
2000,Coelogyne cumingii,1
2000,Coelogyne fimbriata,1
2000,Coelogyne merrillii,1
2000,Coelogyne miniata,1
2000,Coelogyne pulverula,1
2000,Coelogyne rigida,1
2000,Coelogyne stenochila,1
2000,Columba unicincta,1
2000,Comparettia falcata,1
2000,Comparettia speciosa,1
2000,Comparettia spp.,1
2000,Copiapoa dealbata,1
2000,Copiapoa esmeraldana,1
2000,Copiapoa hypogaea,1
2000,Copiapoa krainziana,1
2000,Copsychus malabaricus,1
2000,Cordylus rhodesianus,1
2000,Coryphantha pycnacantha,1
2000,Coryphantha spp.,1
2000,Corythaeola cristata,1
2000,Coscoroba coscoroba,1
2000,Crocodylidae spp.,1
2000,Crocodylus acutus,1
2000,Crocodylus cataphractus,1
2000,Crocodylus johnstoni,1
2000,Crossoptilon crossoptilon,1
2000,Ctenactis echinata,1
2000,Cuitlauzina pendula,1
2000,Cuon alpinus,1
2000,Cuora galbinifrons,1
2000,Cyanoptila cyanomelana,1
2000,Cyathea australis,1
2000,Cyathea dealbata,1
2000,Cycas pectinata,1
2000,Cycas rumphii,1
2000,Cycas siamensis,1
2000,Cycas thouarsii,1
2000,Cyclamen persicum,1
2000,Cyclopsitta gulielmitertii,1
2000,Cyclura nubila,1
2000,Cyclura pinguis,1
2000,Cycnoches chlorochilon,1
2000,Cycnoches herrenhusanum,1
2000,Cycnoches peruvianum,1
2000,Cylindropuntia fulgida,1
2000,Cymbidiella spp.,1
2000,Cymbidium canaliculatum,1
2000,Cymbidium dayanum,1
2000,Cymbidium eburneum,1
2000,Cymbidium insigne,1
2000,Cymbidium madidum,1
2000,Cymbidium pendulum,1
2000,Cymbidium roseum,1
2000,Cymbidium sigmoideum,1
2000,Cymbidium tracyanum,1
2000,Cynorkis spp.,1
2000,Cypripedium himalaicum,1
2000,Cypripedium montanum,1
2000,Cyrtochilum serratum,1
2000,Cyrtochilum spp.,1
2000,Cyrtosia spp.,1
2000,Dendrobates spp.,1
2000,Dendrobium alexandrae,1
2000,Dendrobium aloifolium,1
2000,Dendrobium amethystoglossum,1
2000,Dendrobium antennatum,1
2000,Dendrobium aphyllum,1
2000,Dendrobium atavus,1
2000,Dendrobium bifalce,1
2000,Dendrobium bracteosum,1
2000,Dendrobium delacourii,1
2000,Dendrobium devosianum,1
2000,Dendrobium draconis,1
2000,Dendrobium eriiflorum,1
2000,Dendrobium erosum,1
2000,Dendrobium findlayanum,1
2000,Dendrobium friedericksianum,1
2000,Dendrobium hughii,1
2000,Dendrobium jenkinsii,1
2000,Dendrobium loddigesii,1
2000,Dendrobium longicornu,1
2000,Dendrobium lowii,1
2000,Dendrobium malvicolor,1
2000,Dendrobium mohlianum,1
2000,Dendrobium mooreanum,1
2000,Dendrobium parishii,1
2000,Dendrobium porphyrochilum,1
2000,Dendrobium pugioniforme,1
2000,Dendrobium rigidum,1
2000,Dendrobium spurium,1
2000,Dendrobium striolatum,1
2000,Dendrobium tapiniense,1
2000,Dendrobium terminale,1
2000,Dendrobium tosaense,1
2000,Dendrobium uncatum,1
2000,Dendrobium violaceum,1
2000,Dendrobium virgineum,1
2000,Dendrobium wardianum,1
2000,Dendrocygna viduata,1
2000,Denmoza spp.,1
2000,Dichaea hystricina,1
2000,Dicksonia squarrosa,1
2000,Dioon purpusii,1
2000,Diploria clivosa,1
2000,Diploria labyrinthiformis,1
2000,Discocactus hartmannii,1
2000,Discocactus spp.,1
2000,Disocactus ackermannii,1
2000,Dracula astuta,1
2000,Dracula bella,1
2000,Dracula benedictii,1
2000,Dracula diana,1
2000,Dracula exasperata,1
2000,Dracula gigas,1
2000,Dracula hirtzii,1
2000,Dracula lotax,1
2000,Dracula minax,1
2000,Dracula nycterina,1
2000,Dracula platycrater,1
2000,Dracula ubangina,1
2000,Dracula vampira,1
2000,Dracula verticulosa,1
2000,Dracula wallisii,1
2000,Dresslerella pilosissima,1
2000,Dryadella simula,1
2000,Dryadella simulatrix,1
2000,Dryadella zebrina,1
2000,Dyakia hendersoniana,1
2000,Echinocereus ferreirianus,1
2000,Echinocereus schmollii,1
2000,Echinopsis albispinosa,1
2000,Echinopsis ancistrophora,1
2000,Echinopsis mirabilis,1
2000,Echinopsis oxygona,1
2000,Elanus leucurus,1
2000,Elaphe taeniura,1
2000,Elleanthus spp.,1
2000,Encephalartos cerinus,1
2000,Encephalartos chimanimaniensis,1
2000,Encephalartos concinnus,1
2000,Encephalartos cycadifolius,1
2000,Encephalartos dolomiticus,1
2000,Encephalartos eugene-maraisii,1
2000,Encephalartos friderici-guilielmi,1
2000,Encephalartos ghellinckii,1
2000,Encephalartos latifrons,1
2000,Encephalartos manikensis,1
2000,Encephalartos nubimontanus,1
2000,Encephalartos princeps,1
2000,Encephalartos senticosus,1
2000,Encyclia calamaria,1
2000,Encyclia ceratistes,1
2000,Encyclia cochleata,1
2000,Encyclia fausta,1
2000,Encyclia fragrans,1
2000,Encyclia glumacea,1
2000,Encyclia oncidioides,1
2000,Encyclia polybulbon,1
2000,Encyclia radiata,1
2000,Encyclia randii,1
2000,Encyclia tripunctata,1
2000,Encyclia vitellina,1
2000,Ensifera ensifera,1
2000,Eos squamata,1
2000,Ephemerantha spp.,1
2000,Ephippiorhynchus senegalensis,1
2000,Epicrates angulifer,1
2000,Epidendrum ciliare,1
2000,Epidendrum falcatum,1
2000,Epidendrum ibaguense,1
2000,Epidendrum parkinsonianum,1
2000,Epidendrum secundum,1
2000,Epigeneium treacherianum,1
2000,Eria bicristata,1
2000,Eria bogoriensis,1
2000,Eria hyacinthoides,1
2000,Eria iridifolia,1
2000,Eria spp.,1
2000,Eriosyce chilensis,1
2000,Erymnochelys madagascariensis,1
2000,Erythrocebus patas,1
2000,Eryx johnii,1
2000,Eryx tataricus,1
2000,Eschrichtius robustus,1
2000,Escobaria dasyacantha,1
2000,Escobaria minima,1
2000,Escobaria spp.,1
2000,Espostoa blossfeldiorum,1
2000,Espostoa mirabilis,1
2000,Eubalaena australis,1
2000,Eubalaena spp.,1
2000,Eulemur albifrons,1
2000,Eulemur fulvus,1
2000,Euphorbia albertensis,1
2000,Euphorbia ambovombensis,1
2000,Euphorbia aureoviridiflora,1
2000,Euphorbia brevirama,1
2000,Euphorbia capsaintemariensis,1
2000,Euphorbia capuronii,1
2000,Euphorbia decepta,1
2000,Euphorbia enopla,1
2000,Euphorbia ferox,1
2000,Euphorbia gariepina,1
2000,Euphorbia gottlebei,1
2000,Euphorbia hamata,1
2000,Euphorbia juglans,1
2000,Euphorbia knobelii,1
2000,Euphorbia mammillaris,1
2000,Euphorbia multiceps,1
2000,Euphorbia namibensis,1
2000,Euphorbia neriifolia,1
2000,Euphorbia obesa,1
2000,Euphorbia ornithopus,1
2000,Euphorbia pseudoglobosa,1
2000,Euphorbia pugniformis,1
2000,Euphorbia rudis,1
2000,Euphorbia schoenlandii,1
2000,Euphorbia silenifolia,1
2000,Euphorbia stellata,1
2000,Euphorbia tirucalli,1
2000,Euphorbia trigona,1
2000,Euphorbia umfoloziensis,1
2000,Euphorbia venenata,1
2000,Euphorbia zoutpansbergensis,1
2000,Eutoxeres condamini,1
2000,Falco biarmicus,1
2000,Falco femoralis,1
2000,Falco naumanni,1
2000,Falco punctatus,1
2000,Falco sparverius,1
2000,Falco spp.,1
2000,Falco subbuteo,1
2000,Falco vespertinus,1
2000,Favites halicora,1
2000,Felis spp.,1
2000,Ferocactus emoryi,1
2000,Ferocactus fordii,1
2000,Ferocactus glaucescens,1
2000,Ferocactus peninsulae,1
2000,Ferocactus pilosus,1
2000,Ferocactus schwarzii,1
2000,Forpus spp.,1
2000,Frailea schilinzkyana,1
2000,Fungia scutaria,1
2000,Furcifer verrucosus,1
2000,Galago moholi,1
2000,Galanthus ikariae,1
2000,Galanthus woronowii,1
2000,Galeandra spp.,1
2000,Gallicolumba luzonica,1
2000,Gastrodia elata,1
2000,Geochelone elegans,1
2000,Geranoaetus melanoleucus,1
2000,Glaucidium brasilianum,1
2000,Glaucidium passerinum,1
2000,Glossopsitta concinna,1
2000,Gongora chocoensis,1
2000,Gongora galeata,1
2000,Gongora latisepala,1
2000,Gongora similis,1
2000,Gongora unicolor,1
2000,Gongylophis colubrinus,1
2000,Goodyera colorata,1
2000,Goodyera spp.,1
2000,Goura cristata,1
2000,Goura victoria,1
2000,Grammatophyllum spp.,1
2000,Graphorkis scripta,1
2000,Graydidascalus brachyurus,1
2000,Grobya spp.,1
2000,Grus antigone,1
2000,Grus nigricollis,1
2000,Grus vipio,1
2000,Guarouba guarouba,1
2000,Gymnocalycium castellanosii,1
2000,Gypaetus barbatus,1
2000,Gyps africanus,1
2000,Gyps fulvus,1
2000,Habenaria spp.,1
2000,Helioporacea spp.,1
2000,Heliothryx auritus,1
2000,Henicopernis longicauda,1
2000,Herpetotheres cachinnans,1
2000,Hexisea spp.,1
2000,Hieraaetus pennatus,1
2000,Hieraaetus spilogaster,1
2000,Hippocampus angustus,1
2000,Hippopus spp.,1
2000,Hippotragus niger variani,1
2000,Holcoglossum amesianum,1
2000,Homalopsis buccata,1
2000,Hoplobatrachus tigerinus,1
2000,Horichia spp.,1
2000,Huntleya burtii,1
2000,Huntleya citrina,1
2000,Huntleya meleagris,1
2000,Huso dauricus,1
2000,Hydrictis maculicollis,1
2000,Hylobates lar,1
2000,Hylocereus undatus,1
2000,Hylocharis spp.,1
2000,Indotestudo elongata,1
2000,Ionopsis utricularioides,1
2000,Kinyongia xenorhina,1
2000,Kogia breviceps,1
2000,Laelia alaorii,1
2000,Laelia albida,1
2000,Laelia autumnalis,1
2000,Laelia briegeri,1
2000,Laelia crispa,1
2000,Laelia crispata,1
2000,Laelia dayana,1
2000,Laelia flava,1
2000,Laelia furfuracea,1
2000,Laelia gloedeniana,1
2000,Laelia lobata,1
2000,Laelia lucasiana,1
2000,Laelia spp.,1
2000,Laelia virens,1
2000,Lagonosticta larvata,1
2000,Lagonosticta rara,1
2000,Leiothrix argentauris,1
2000,Lemboglossum spp.,1
2000,Lemur catta,1
2000,Leopardus geoffroyi,1
2000,Leopardus pardalis,1
2000,Leopardus wiedii,1
2000,Lepanthes hippocrepica,1
2000,Lepanthes intonsa,1
2000,Lepanthes mulderae,1
2000,Lepanthes polytricha,1
2000,Lepidochelys kempii,1
2000,Lepilemur mustelinus,1
2000,Leptastrea spp.,1
2000,Leptoptilos crumeniferus,1
2000,Lichanura trivirgata,1
2000,Liparis rhodochila,1
2000,Lonchura fuscata,1
2000,Lophophorus impejanus,1
2000,Lophura ignita,1
2000,Loriculus stigmatus,1
2000,Lorius domicella,1
2000,Ludisia discolor,1
2000,Lutrinae spp.,1
2000,Lycalopex culpaeus,1
2000,Lycalopex gymnocercus,1
2000,Lycaste crinita,1
2000,Lycaste macrobulbon,1
2000,Lycaste macrophylla,1
2000,Lycaste skinneri,1
2000,Lycaste spp.,1
2000,Lycaste virginalis,1
2000,Lycaste xytriophora,1
2000,Lycomormium spp.,1
2000,Lynx rufus escuinapae,1
2000,Macaca fuscata,1
2000,Macaca nigra,1
2000,Macodes spp.,1
2000,Macradenia brassavolae,1
2000,Macrozamia lucida,1
2000,Macrozamia miquelii,1
2000,Maihuenia spp.,1
2000,Mammillaria carretii,1
2000,Mammillaria klissingiana,1
2000,Mammillaria schumannii,1
2000,Mammillaria spinosissima,1
2000,Mammillaria vetula,1
2000,Mammillaria wrightii,1
2000,Mandingoa nitidula,1
2000,Mandrillus sphinx,1
2000,Manis tetradactyla,1
2000,Mantella expectata,1
2000,Mantella madagascariensis,1
2000,Mantella viridis,1
2000,Masdevallia agaster,1
2000,Masdevallia bicolor,1
2000,Masdevallia calura,1
2000,Masdevallia caudata,1
2000,Masdevallia coccinea,1
2000,Masdevallia curtipes,1
2000,Masdevallia cylix,1
2000,Masdevallia elephanticeps,1
2000,Masdevallia floribunda,1
2000,Masdevallia gilbertoi,1
2000,Masdevallia leucantha,1
2000,Masdevallia lilacina,1
2000,Masdevallia limax,1
2000,Masdevallia nivea,1
2000,Masdevallia peristeria,1
2000,Masdevallia polysticta,1
2000,Masdevallia pyxis,1
2000,Masdevallia rimarima-alba,1
2000,Masdevallia urosalpinx,1
2000,Masdevallia utriculata,1
2000,Masdevallia ventricularia,1
2000,Masdevallia vieirana,1
2000,Masdevallia weberbaueri,1
2000,Masdevallia wurdackii,1
2000,Matucana aureiflora,1
2000,Matucana spp.,1
2000,Maxillaria molitor,1
2000,Maxillaria pseudoreichenheimiana,1
2000,Maxillaria sanderiana,1
2000,Mediocalcar spp.,1
2000,Megaptera novaeangliae,1
2000,Meiracyllium spp.,1
2000,Melocactus bahiensis,1
2000,Melocactus spp.,1
2000,Melocactus violaceus,1
2000,Mesospinidium spp.,1
2000,Micropera apiculata,1
2000,Miltonia clowesii,1
2000,Miltoniopsis phalaenopsis,1
2000,Miltoniopsis vexillaria,1
2000,Milvago chimango,1
2000,Mirounga leonina,1
2000,Monodon monoceros,1
2000,Monophyllorchis spp.,1
2000,Montastrea cavernosa,1
2000,Montipora efflorescens,1
2000,Myrmecophila spp.,1
2000,Myrmecophila tibicinis,1
2000,Naja kaouthia,1
2000,Nasua nasua solitaria,1
2000,Neobathiea spp.,1
2000,Neofelis nebulosa,1
2000,Neolloydia spp.,1
2000,Neophema splendida,1
2000,Neophocaena phocaenoides,1
2000,Neopsittacus musschenbroekii,1
2000,Neoraimondia spp.,1
2000,Nepenthes ampullaria,1
2000,Nepenthes burbidgeae,1
2000,Nepenthes clipeata,1
2000,Nepenthes gymnamphora,1
2000,Nepenthes inermis,1
2000,Nepenthes lowii,1
2000,Nepenthes macfarlanei,1
2000,Nepenthes maxima,1
2000,Nepenthes merrilliana,1
2000,Nepenthes northiana,1
2000,Nepenthes philippinensis,1
2000,Nepenthes pilosa,1
2000,Nepenthes rajah,1
2000,Nepenthes sumatrana,1
2000,Nepenthes veitchii,1
2000,Nepenthes ventricosa,1
2000,Nervilia spp.,1
2000,Nesocharis capistrata,1
2000,Nestor notabilis,1
2000,Nettapus auritus,1
2000,Nidema boothii,1
2000,Nigrita bicolor,1
2000,Nigrita luteifrons,1
2000,Notylia spp.,1
2000,Nycticebus coucang,1
2000,Octomeria spp.,1
2000,Odocoileus virginianus mayensis,1
2000,Oncidium leucochilum,1
2000,Oncidium lindenii,1
2000,Oncidium oliganthum,1
2000,Oncidium onustum,1
2000,Oncidium phymatochilum,1
2000,Oncidium picturatum,1
2000,Oncidium reichenheimii,1
2000,Oncidium stramineum,1
2000,Opuntia leucotricha,1
2000,Opuntia polyacantha,1
2000,Opuntia rufida,1
2000,Orcaella brevirostris,1
2000,Orchis mascula,1
2000,Ornithidium spp.,1
2000,Ornithoptera aesacus,1
2000,Ornithoptera chimaera,1
2000,Ornithoptera paradisea,1
2000,Ornithoptera priamus urvillianus,1
2000,Ornithoptera rothschildi,1
2000,Ornithoptera spp.,1
2000,Ornithoptera victoriae,1
2000,Ortegocactus macdougallii,1
2000,Ortegocactus spp.,1
2000,Oryx leucoryx,1
2000,Osteolaemus tetraspis,1
2000,Otus kennicottii,1
2000,Ovis ammon hodgsonii,1
2000,Ovis aries,1
2000,Pachycereus schottii,1
2000,Pachypodium baronii,1
2000,Pachypodium densiflorum,1
2000,Pachypodium horombense,1
2000,Pachypodium lamerei,1
2000,Pachypodium rutenbergianum,1
2000,Pachypodium sofiense,1
2000,Paleosuchus trigonatus,1
2000,Panthera leo persica,1
2000,Panthera onca,1
2000,Pantholops hodgsonii,1
2000,Paphinia spp.,1
2000,Paphiopedilum argus,1
2000,Paphiopedilum bougainvilleanum,1
2000,Paphiopedilum callosum,1
2000,Paphiopedilum exul,1
2000,Paphiopedilum hirsutissimum,1
2000,Paphiopedilum hookerae,1
2000,Paphiopedilum lowii,1
2000,Paphiopedilum malipoense,1
2000,Paphiopedilum philippinense,1
2000,Paphiopedilum purpuratum,1
2000,Paradoxurus hermaphroditus,1
2000,Paraphalaenopsis serpentilingua,1
2000,Paroaria capitata,1
2000,Parodia buiningii,1
2000,Parodia concinna,1
2000,Parodia scopa,1
2000,Pediocactus knowltonii,1
2000,Pelexia laxa,1
2000,Pelusios gabonensis,1
2000,Pelusios niger,1
2000,Peristeria elata,1
2000,Pernis apivorus,1
2000,Pescatoria lehmannii,1
2000,Phaethornis griseogularis,1
2000,Phaius callosus,1
2000,Phaius pauciflorus,1
2000,Phaius spp.,1
2000,Phaius tankervilleae,1
2000,Phalaenopsis amboinensis,1
2000,Phalaenopsis equestris,1
2000,Phalaenopsis fasciata,1
2000,Phalaenopsis gigantea,1
2000,Phalaenopsis mannii,1
2000,Phalaenopsis modesta,1
2000,Phalaenopsis pallens,1
2000,Phalaenopsis pantherina,1
2000,Phalaenopsis parishii,1
2000,Phalaenopsis pulcherrima,1
2000,Phalaenopsis sumatrana,1
2000,Phalaenopsis tetraspis,1
2000,Phalaenopsis viridis,1
2000,Phelsuma guimbeaui,1
2000,Phelsuma lineata,1
2000,Phelsuma v-nigra,1
2000,Phoeniconaias minor,1
2000,Phragmipedium boissierianum,1
2000,Phragmipedium caudatum,1
2000,Phragmipedium lindenii,1
2000,Phragmipedium pearcei,1
2000,Phragmipedium sargentianum,1
2000,Pionus chalcopterus,1
2000,Pithecia pithecia,1
2000,Pitta guajana,1
2000,Platanthera chlorantha,1
2000,Platycercus caledonicus,1
2000,Platygyra daedalea,1
2000,Platystele spp.,1
2000,Plectrophora spp.,1
2000,Pleione forrestii,1
2000,Pleurothallis endotrachys,1
2000,Pleurothallis sclerophylla,1
2000,Ploceus melanocephalus,1
2000,Pocillopora eydouxi,1
2000,Podocnemis spp.,1
2000,Poephila cincta cincta,1
2000,Poicephalus cryptoxanthus,1
2000,Polaskia chichipe,1
2000,Polycyathus verrilli,1
2000,Polyodon spathula,1
2000,Polyplectron bicalcaratum,1
2000,Polyplectron germaini,1
2000,Polystachya spp.,1
2000,Polytmus guainumbi,1
2000,Pongo pygmaeus,1
2000,Porites furcata,1
2000,Porroglossum amethystinum,1
2000,Porroglossum meridionale,1
2000,Porthidium spp.,1
2000,Prioniturus platurus,1
2000,Profelis aurata,1
2000,Prolemur simus,1
2000,Promenaea spp.,1
2000,Psittacula calthorpae,1
2000,Psittacula derbiana,1
2000,Psittaculirostris edwardsii,1
2000,Psittaculirostris salvadorii,1
2000,Psitteuteles goldiei,1
2000,Psittrichas fulgidus,1
2000,Pteroglossus viridis,1
2000,Pteropus hypomelanus,1
2000,Pteropus rodricensis,1
2000,Pterostylis spp.,1
2000,Ptiloris magnificus,1
2000,Pulsatrix melanota,1
2000,Puma concolor couguar,1
2000,Puma yagouaroundi,1
2000,Pycnonotus jocosus,1
2000,Pyrrhura egregia,1
2000,Pyrrhura lepida,1
2000,Pyrrhura picta,1
2000,Python anchietae,1
2000,Python molurus,1
2000,Python timoriensis,1
2000,Quelea erythrops,1
2000,Quiabentia verticillata,1
2000,Ramphastos sulfuratus,1
2000,Ranitomeya imitator,1
2000,Ranitomeya sirensis,1
2000,Rebutia steinmannii,1
2000,Renanthera isosepala,1
2000,Restrepia chocoensis,1
2000,Restrepia muscifera,1
2000,Rhodopis vesper,1
2000,Rhyncholaelia digbyana,1
2000,Rhynchostele cordata,1
2000,Rhynchostele ehrenbergii,1
2000,Rodriguezia bracteata,1
2000,Rodriguezia carnea,1
2000,Rodriguezia ensiformis,1
2000,Rodriguezia venusta,1
2000,Rossioglossum insleayi,1
2000,Rossioglossum splendens,1
2000,Rossioglossum williamsianum,1
2000,Rudolfiella spp.,1
2000,Saara hardwickii,1
2000,Saccolabium spp.,1
2000,Sagittarius serpentarius,1
2000,Saiga tatarica,1
2000,Saimiri sciureus,1
2000,Salpistele spp.,1
2000,Sarcoglottis spp.,1
2000,Sarracenia spp.,1
2000,Schlimmia jasminodora,1
2000,Schomburgkia spp.,1
2000,Sclerocactus brevihamatus,1
2000,Sclerocactus erectocentrus,1
2000,Sclerocactus polyancistrus,1
2000,Sclerocactus spp.,1
2000,Sedirea japonica,1
2000,Seidenfadenia mitrata,1
2000,Sievekingia reichenbachiana,1
2000,Sievekingia suavis,1
2000,Sigmatostalix spp.,1
2000,Smaug giganteus,1
2000,Smaug warreni,1
2000,Sobennikoffia robusta,1
2000,Sophronitis acuensis,1
2000,Sophronitis cernua,1
2000,Sophronitis coccinea,1
2000,Sophronitis spp.,1
2000,Sophronitis wittigiana,1
2000,Sphaeropteris excelsa,1
2000,Spheniscus demersus,1
2000,Spheniscus humboldti,1
2000,Sporopipes frontalis,1
2000,Stanhopea candida,1
2000,Stanhopea inodora,1
2000,Stanhopea intermedia,1
2000,Stanhopea martiana,1
2000,Stanhopea saccata,1
2000,Stanhopea tricornis,1
2000,Stenella frontalis,1
2000,Stenella longirostris,1
2000,Steno bredanensis,1
2000,Stenocactus crispatus,1
2000,Stenoglottis longifolia,1
2000,Stetsonia spp.,1
2000,Strix rufipes,1
2000,Strombocactus disciformis,1
2000,Struthio camelus,1
2000,Stylaster californicus,1
2000,Surnia ulula,1
2000,Syrmaticus ellioti,1
2000,Syrmaticus humiae,1
2000,Tapirus terrestris,1
2000,Tauraco porphyreolophus,1
2000,Tephrocactus articulatus,1
2000,Terrapene ornata,1
2000,Testudo marginata,1
2000,Testudo spp.,1
2000,Thelocactus macdowellii,1
2000,Thelocactus spp.,1
2000,Thrixspermum centipeda,1
2000,Thrixspermum purpurascens,1
2000,Thrixspermum spp.,1
2000,Torgos tracheliotus,1
2000,Treron waalia,1
2000,Trevoria ecuadorensis,1
2000,Trevoria spp.,1
2000,Trias intermedia,1
2000,Tribolonotus novaeguineae,1
2000,Trichechus manatus,1
2000,Trichocentrum tigrinum,1
2000,Trichopilia concepcionis,1
2000,Trichopilia spp.,1
2000,Trichopilia suavis,1
2000,Trichosalpinx spp.,1
2000,Trigonoceps occipitalis,1
2000,Trioceros montium,1
2000,Trioceros quadricornis,1
2000,Trionyx triunguis,1
2000,Trisetella abbreviata,1
2000,Trisetella andreettae,1
2000,Trisetella spp.,1
2000,Trisetella vittata,1
2000,Troides amphrysus,1
2000,Troides cuneifera,1
2000,Troides rhadamantus,1
2000,Tubastraea coccinea,1
2000,Tupaia montana,1
2000,Turbinicarpus lophophoroides,1
2000,Turbinicarpus roseiflorus,1
2000,Turbinicarpus subterraneus,1
2000,Turbinicarpus viereckii,1
2000,Turtur abyssinicus,1
2000,Turtur tympanistria,1
2000,Uebelmannia buiningii,1
2000,Uncia uncia,1
2000,Uromastyx ocellata,1
2000,Uromastyx ornata,1
2000,Uroplatus ebenaui,1
2000,Uroplatus phantasticus,1
2000,Uroplatus sikorae,1
2000,Uroplatus spp.,1
2000,Ursus spp.,1
2000,Vanda helvola,1
2000,Vanda limbata,1
2000,Vanda sanderiana,1
2000,Vanda sumatrana,1
2000,Vanilla aphylla,1
2000,Vultur gryphus,1
2000,Weberbauerocereus rauhii,1
2000,Zamia fischeri,1
2000,Zamia furfuracea,1
2000,Ziphius cavirostris,1
2000,Zootrophion dayanum,1
2000,Zootrophion spp.,1
